ma_GeV,gtau,gtau_7m
0.001,0.5031710295306503,107.46774028994925
0.014802691267395087,0.5031710295306503,0.4904558785190956
