ma_GeV,gtau,gtau_7m
0.001,0.42131270959198003,71.6451598993161
0.013250872919979532,0.42131270959198003,0.4080372668221997
